sobject_id,tmass_id,gaiadr3_source_id,survey_name,field_id,setup,mjd,ra,dec,flag_sp,flag_sp_fit,opt_loop,flag_red,snr_px_ccd1,snr_px_ccd2,snr_px_ccd3,snr_px_ccd4,chi2_sp,px_used_perc,model_name,closest_model,comp_time,fit_global_rv,rv_comp_1,e_rv_comp_1,rv_comp_2,e_rv_comp_2,rv_gaia_dr3,e_rv_gaia_dr3,v_bary_eff,teff,e_teff,logg,e_logg,fe_h,e_fe_h,flag_fe_h,vmic,e_vmic,vsini,e_vsini,nn_li_fe,nn_e_li_fe,nn_flag_li_fe,c_fe,e_c_fe,flag_c_fe,n_fe,e_n_fe,flag_n_fe,o_fe,e_o_fe,flag_o_fe,na_fe,e_na_fe,flag_na_fe,mg_fe,e_mg_fe,flag_mg_fe,al_fe,e_al_fe,flag_al_fe,si_fe,e_si_fe,flag_si_fe,k_fe,e_k_fe,flag_k_fe,ca_fe,e_ca_fe,flag_ca_fe,sc_fe,e_sc_fe,flag_sc_fe,ti_fe,e_ti_fe,flag_ti_fe,v_fe,e_v_fe,flag_v_fe,cr_fe,e_cr_fe,flag_cr_fe,mn_fe,e_mn_fe,flag_mn_fe,co_fe,e_co_fe,flag_co_fe,ni_fe,e_ni_fe,flag_ni_fe,cu_fe,e_cu_fe,flag_cu_fe,zn_fe,e_zn_fe,flag_zn_fe,rb_fe,e_rb_fe,flag_rb_fe,sr_fe,e_sr_fe,flag_sr_fe,y_fe,e_y_fe,flag_y_fe,zr_fe,e_zr_fe,flag_zr_fe,mo_fe,e_mo_fe,flag_mo_fe,ru_fe,e_ru_fe,flag_ru_fe,ba_fe,e_ba_fe,flag_ba_fe,la_fe,e_la_fe,flag_la_fe,ce_fe,e_ce_fe,flag_ce_fe,nd_fe,e_nd_fe,flag_nd_fe,sm_fe,e_sm_fe,flag_sm_fe,eu_fe,e_eu_fe,flag_eu_fe,mass,age,bc_ks,a_ks,lbol,r_med,r_lo,r_hi,sb2_rv_16,sb2_rv_50,sb2_rv_84,ew_h_beta,ew_h_alpha,res_h_beta,res_h_alpha,ew_k_is,sigma_k_is,rv_k_is,ew_dib5780,sigma_dib5780,rv_dib5780,ew_dib5797,sigma_dib5797,rv_dib5797,ew_dib6613,sigma_dib6613,rv_dib6613,ebv,phot_g_mean_mag,bp_rp,j_m,j_msigcom,h_m,h_msigcom,ks_m,ks_msigcom,W2mag,e_W2mag,ruwe,parallax,parallax_error,ew_li,e_ew_li_low,e_ew_li_upp,a_li,a_li_upp_lim,e_a_li_low,e_a_li_upp,e_a_li_teff,flag_a_li
150208005201064,b'13020969-3923210',6141843197952820608,b'galah_main',5807,b'allstar',57061.742,195.54037475585938,-39.38919448852539,0,0,2,0,32.610897,50.0663,63.398067,58.44121,0.76718706,94,b'5000_4.50_-0.25',b'5000_4.50_-0.25',125.0441,True,-3.4494703,0.22357811,,,-5.2592974,1.9477091,24.843318939208984,5063.0586,69.96595,4.5690866,0.10134596,-0.21580929,0.06579758,0,0.9807971,0.28375053,1.8158668,1.7394764,0.29354244,0.07848404,0,-0.18019345,0.040518697,32,-0.22069335,0.22601599,33,-0.5615139,0.106105186,0,-0.1430566,0.027421199,0,0.1646179,0.023069657,0,0.15982175,0.056730475,0,0.15589528,0.020486834,0,0.10750237,0.04276836,0,0.03363066,0.033889756,0,-0.046127092,0.029617868,0,0.07060517,0.022460423,0,0.21313146,0.028474584,0,-0.018152758,0.01952515,0,-0.00089018047,0.02893327,0,0.16663142,0.045796197,0,-0.0030432844,0.015816009,0,0.055194035,0.037920184,0,0.042839326,0.06698718,0,0.45461476,0.27469185,1,,,2,0.031075317,0.062014196,0,0.20636299,0.25814313,0,,,2,,,2,-0.31218636,0.06261903,0,-0.2428998,0.28570732,1,0.15509278,0.3794222,1,0.5809963,0.06253847,0,-0.92304045,0.2958296,1,,,2,0.7691033,5.4801917,1.875817,0.0,0.3367011,304.49884,303.28003,305.84998,,,,0.07638059,0.27016914,0.76668555,1.1088047,,,,0.02243324,0.14029782,4.9048834,0.021659518,0.6426679,-33.959347,0.031664625,0.5862093,4.05408,0.1678,13.413672,1.0988293,11.992,0.026,11.522,0.022,11.474,0.021,11.459,0.021,1.1043149,3.282763021296502,0.016167784,1.9137448,2.31099,2.2463458,,0.41415522,,,,1
171031003301220,b'06121306-1823537',2942755288770735360,b'NGC_2204',-5,b'allstar',58057.594,93.05445861816406,-18.398250579833984,0,0,2,0,60.346447,76.54197,96.09809,83.94734,0.9234138,94,b'5500_4.50_-0.25',b'5500_4.50_-0.25',79.76582,True,33.434887,0.20803405,,,32.369724,1.2995833,18.592660903930664,5535.522,70.27772,4.479392,0.09527043,-0.07308193,0.057485644,0,0.7449557,0.28553352,4.7393365,1.4774743,0.19843793,0.06602097,1,-0.0019569206,0.026613254,32,-0.118288845,0.14112021,33,0.14812127,0.055520803,0,-0.09147895,0.019242233,0,0.14304149,0.019937264,0,-0.038910076,0.052606687,0,0.058066946,0.013743604,0,-0.047155727,0.03885219,0,-0.022230916,0.025735673,0,0.01091112,0.02710738,0,-0.029385377,0.018450515,0,0.00074222684,0.034912217,0,-0.014261237,0.014200952,0,-0.03332609,0.0187573,0,0.0086627975,0.034533173,0,-0.00428752,0.011340864,0,-0.1265926,0.031279694,0,0.025307994,0.042425677,0,,,2,,,2,-9.865034e-06,0.042175233,0,-0.56010145,0.27144355,1,,,2,,,2,0.14821962,0.04751182,0,0.49923682,0.09031173,0,-0.015720598,0.34674585,1,0.14586505,0.16942017,0,,,2,,,2,0.8887705,6.921131,1.6049292,0.0,0.68348116,268.6267,267.6685,269.69946,,,,0.08853999,0.25730065,0.8782712,1.2295282,,,,,,,,,,0.020170549,0.29340032,12.769539,0.1134,12.1976795,0.8623848,11.108,0.024,10.778,0.022,10.704,0.021,10.703,0.021,1.0637715,3.7234303981615904,0.012108087,1.5919756,1.3276013,1.4633781,,0.6807154,,,,1
170115003701060,b'06531115-5647296',5484862043754344576,b'tess_hermes',7223,b'allstar',57768.566,103.29645538330078,-56.79161071777344,0,0,2,0,14.846537,25.695686,36.295116,40.41015,0.77574396,94,b'4750_2.50_-0.25',b'4750_2.50_-0.25',176.2041,True,8.229433,0.26023737,,,8.533751,0.5953518,1.4289271831512451,4756.2104,75.35405,2.5446293,0.113733605,-0.07895503,0.06506981,0,1.6445069,0.2823985,4.2463574,1.4553162,-0.15187152,0.113248065,0,0.11365922,0.1564616,1,0.092758715,0.1466003,0,0.31554297,0.16911513,0,0.12155685,0.07922057,0,0.17815262,0.042373568,0,0.12858874,0.07611731,0,0.11006203,0.033884227,0,-0.14897452,0.09127031,0,0.06785904,0.04812927,0,0.01500196,0.042317893,0,0.1167295,0.0316775,0,0.27433282,0.04362587,0,-0.032757763,0.026588475,0,-0.0862589,0.06435923,0,0.23345062,0.04708889,0,0.056160737,0.020449238,0,0.42414045,0.07332258,0,0.35566103,0.19913758,0,0.16428423,0.36119613,0,0.2249557,0.5638785,1,-0.28444958,0.10858401,1,-0.23366219,0.28744656,1,,,2,0.3555628,0.7770488,1,-0.24054262,0.107738145,0,0.16383764,0.16978242,1,-0.3627806,0.551555,1,0.059491657,0.098556474,0,0.15597829,0.13992079,1,0.5494603,0.2942963,0,1.1665429,7.482142,2.068093,0.022949902,42.07367,1827.4014,1793.7048,1855.3536,,,,0.20503515,0.43012774,0.8164816,1.0479277,0.020027708,0.1108481,-129.60811,0.1569845,1.9818045,70.45127,,,,0.014232926,0.23897102,0.9349623,0.1132,12.323897,1.3096132,10.662,0.024,10.087,0.022,9.954,0.019,9.982,0.02,1.1627846,0.5491256761793015,0.009932382,2.5473404,3.8734345,4.1114826,,0.337188,,,,1
171102004501223,b'04412818+0543407',3282693708206872960,b'galah_main',1467,b'allstar',58059.727,70.36741638183594,5.728000164031982,0,0,2,0,35.63659,48.80115,56.991333,54.825253,0.81936646,94,b'6000_4.50_-0.25',b'5750_4.50_-0.25',77.18939,True,-44.685997,0.22597605,,,-43.520733,4.1527596,13.610737800598145,5852.096,72.394745,4.3848987,0.095421664,-0.20123285,0.06159858,0,1.0157073,0.29640436,5.5363455,1.4864675,0.76184464,0.302495,1,-0.0006971669,0.056038145,33,0.43062973,0.21390234,33,0.20913392,0.067158416,0,-0.04787772,0.03460022,0,0.105849944,0.032544203,0,-0.24201474,0.11960257,0,0.07573156,0.022822617,0,-0.2207126,0.06477781,0,-0.0049621854,0.042627417,0,0.050905902,0.045144916,0,0.01537082,0.033401396,0,0.02827105,0.10106671,0,0.065952085,0.03198173,0,-0.11130504,0.034301344,0,0.04401806,0.07120932,0,-0.0656927,0.019648714,0,0.18561187,0.06847337,0,-0.032680072,0.083165064,0,,,2,,,2,-0.05097931,0.06955492,0,,,2,,,2,,,2,0.15475327,0.074308835,0,,,2,,,2,-0.08092137,0.36155483,1,,,2,,,2,0.92443955,7.6330113,1.4276578,0.042227704,1.1038762,656.9711,649.2898,664.9524,,,,0.054851506,0.36301434,0.88701457,1.4732659,0.017892767,0.11637458,67.280876,,,,,,,,,,0.123,13.83173,0.8771124,12.7,0.03,12.386,0.022,12.345,0.026,12.26,0.024,0.9789933,1.5157682309065377,0.018732706,27.038252,2.1868658,1.9593787,1.9940337,,0.03956799,0.032891724,0.06110136,0
210518004201373,b'20280215-3409086',6696516165279399680,b'galah_main',543,b'allstar',59352.78,307.0089111328125,-34.152557373046875,0,0,2,0,52.378365,68.05325,108.75179,79.297775,0.8873556,94,b'5000_4.50_0.00',b'5000_4.50_-0.25',190.89436,True,27.414062,0.20439981,,,27.774122,0.44512057,25.599018096923828,5028.5923,68.46801,4.5576816,0.101673916,-0.061077826,0.057127874,0,0.9984924,0.2835674,2.4175088,1.6344322,0.25454184,0.05510368,0,-0.12957533,0.03851621,32,-0.401223,0.08968525,32,-0.59060043,0.05491259,0,-0.059917733,0.016374169,0,0.15203786,0.013472612,0,0.24993145,0.028260827,0,0.17076202,0.015489117,0,0.035659805,0.029415052,0,0.15074202,0.017170828,0,0.105221294,0.01978049,0,0.18841717,0.01494348,0,0.4115619,0.018280461,0,0.023346044,0.010596541,0,0.0040793493,0.016262393,0,0.1152084,0.022806287,0,-0.031745814,0.011096482,0,0.12156917,0.031641807,0,0.08021272,0.042397816,0,-0.12420353,0.19646382,0,0.08597533,0.15991224,0,0.025572043,0.038113274,0,-0.044455823,0.10869813,0,,,2,,,2,-0.25047427,0.04081625,0,-0.19991428,0.16397338,0,-0.38230956,0.21830897,1,0.14368993,0.10395029,0,0.20155245,0.16436125,0,,,2,0.7982198,5.1307497,1.900597,4.0621947e-07,0.34907702,157.39104,157.09671,157.65425,,,,0.07591558,0.24486293,0.7512971,1.0016699,,,,0.01349977,0.11277201,37.222458,0.009010382,0.14044507,2.5546532,0.015768446,0.12883054,15.392625,0.0644,11.940271,1.1233339,10.604,0.026,10.086,0.023,9.977,0.021,10.006,0.02,0.8556957,6.354639560918888,0.012409368,-1.6553261,1.5806512,1.5482714,,0.21638814,,,,1
150208004201186,b'10135622-2219333',5666209414262136576,b'galah_main',6164,b'allstar',57061.625,153.4842987060547,-22.325944900512695,0,0,2,0,28.271807,37.96788,44.329792,38.946777,0.6970844,94,b'5250_3.50_-0.25',b'5250_3.50_-0.25',157.34558,True,20.734777,0.23837623,,,18.93855,2.329451,11.319547653198242,5146.4297,73.18065,3.454249,0.10798927,-0.21070868,0.060155697,0,1.0913135,0.28572342,4.161784,1.5872653,-0.015421236,0.11039908,1,0.059331965,0.05493498,0,0.11925821,0.097803116,1,0.21961574,0.13754494,0,-0.027399555,0.04888178,0,0.10057982,0.04400081,0,-0.1287022,0.0966913,0,0.045490745,0.032813653,0,-0.003130231,0.08743702,0,-0.03255687,0.04715239,0,0.021820592,0.03342864,0,0.07315387,0.02828883,0,0.14513037,0.034508467,0,0.007417709,0.023717035,0,-0.07623437,0.041241985,0,0.15457955,0.047256127,0,0.010744083,0.021398095,0,-0.08098465,0.05234532,0,-0.113592535,0.11160546,0,,,2,,,2,-0.089745894,0.073019736,0,-0.2112877,0.39897528,1,,,2,,,2,-0.014106393,0.088998355,0,0.52815926,0.13110648,0,-0.074430786,0.43008524,1,0.127154,0.09405121,0,0.32966968,0.25821546,1,,,2,1.2594893,4.139413,1.8251469,0.013770273,7.6676903,1413.2128,1386.9878,1445.9857,,,,0.12152592,0.3611967,0.8249119,1.1705216,0.013765704,0.13781102,-10.51847,0.026734836,0.25757274,13.200781,0.013398802,0.10706915,-1.8054485,0.024997897,0.14955018,7.9272633,0.0888,13.452662,1.0955248,12.05,0.027,11.588,0.023,11.478,0.024,11.493,0.022,1.053049,0.7045489954400388,0.015253779,-5.852721,3.59855,3.139164,,0.729676,,,,1
161007002801270,b'21223431-2711493',6790866185770620928,b'galah_main',54,b'allstar',57668.43,320.64300537109375,-27.1970272064209,0,0,2,0,42.559803,62.442314,83.09757,84.0262,0.93981904,94,b'4750_2.50_-0.25',b'4750_2.50_-0.25',98.11222,True,6.906669,0.21538447,,,7.118366,1.5831375,-25.521930694580078,4735.0073,69.2493,2.6883063,0.10516945,-0.2771792,0.057749372,0,1.3653799,0.2815849,5.185293,1.4392631,0.07472074,0.054474957,0,0.021090342,0.06963993,0,0.018342115,0.11363561,0,0.034058783,0.111276284,0,0.11560184,0.036438223,0,0.19668648,0.023690203,0,0.20334253,0.03838256,0,0.17305957,0.021690056,0,-0.003923822,0.048825137,0,0.13247262,0.034697656,0,0.16395244,0.021312268,0,0.19338359,0.015468154,0,0.3434816,0.022383975,0,-0.01816715,0.015032818,0,-0.14586873,0.027011164,0,0.24861018,0.018599356,0,0.078423746,0.014870196,0,0.17286247,0.035776615,0,0.07264192,0.075642176,0,0.49857712,0.24159992,0,0.28054807,0.2471597,0,-0.029721335,0.047447763,0,-0.16361085,0.10489888,0,,,2,0.19786677,0.38550714,1,-0.044766515,0.058732595,0,0.2606017,0.11921197,0,-0.16469494,0.19674379,1,0.19018036,0.03717566,0,0.30954424,0.055789303,0,0.37910697,0.19982027,0,1.0938306,7.666235,2.0776389,0.06701434,27.836912,2015.7439,1938.3928,2116.0193,,-223.09334,,0.22199483,0.49279037,0.8150854,1.0946109,,,,0.0831028,0.9575831,-6.3515563,0.042018253,0.5098576,-32.39605,0.023410605,0.13043386,-6.245132,0.0988,13.028804,1.3062048,11.355,0.021,10.791,0.026,10.65,0.023,10.638,0.022,1.1463474,0.495643601227549,0.022076521,-2.3721902,1.9398139,1.9690908,,-0.018315041,,,,1
160125001601216,b'06060655-5713382',5495866265362768256,b'galah_main',1079,b'allstar',57412.508,91.52733612060547,-57.2273063659668,0,0,2,0,23.210901,38.13867,56.471386,53.743114,0.78630924,94,b'5000_4.50_-0.25',b'5000_4.50_-0.25',134.3961,True,-6.545231,0.2251981,,,-7.438828,1.5351583,-2.413731575012207,5029.853,70.98291,4.57647,0.10353106,-0.17403728,0.06380022,0,0.84121877,0.28747252,4.034042,1.5403658,0.31402528,0.092897445,0,-0.12569316,0.051981974,33,-0.49300796,0.22237414,33,-0.52493286,0.12304253,0,-0.13295355,0.029112386,0,0.16451645,0.02638104,0,0.1365205,0.06113917,0,0.14909899,0.026268147,0,-0.46746898,0.049051777,0,0.04922238,0.034699026,0,-0.058075033,0.036158,0,0.05872144,0.026729662,0,0.15428384,0.034263656,0,-0.020047545,0.0236002,0,0.003740646,0.037374843,0,0.1922564,0.059929308,0,-0.033984613,0.018482106,0,0.026024193,0.04770252,0,-0.0226634,0.09412539,0,0.4921765,0.31017223,0,,,2,0.027852666,0.08211041,0,0.24301445,0.31509906,1,,,2,,,2,-0.2855896,0.064617276,0,-0.19920179,0.37357375,1,-0.04730481,0.44715536,1,0.67915213,0.08523484,0,-0.9655939,0.4055273,1,,,2,0.77082896,4.7774634,1.8970709,0.0,0.3231501,310.68222,309.44006,311.84262,,,,0.009084548,0.2645171,0.71106046,1.0747988,,,,,,,0.014228552,0.11773497,-29.722767,0.017786259,0.116731204,-18.388783,0.0545,13.434831,1.0628967,12.106,0.023,11.649,0.025,11.541,0.021,11.575,0.021,0.95213825,3.2217067755970703,0.011020301,6.4133735,2.3586853,2.5772614,0.5233953,,0.20332316,0.1511845,0.079061314,0
170603005101089,b'15350190-2624128',6237554001525815680,b'k2_hermes',6818,b'allstar',57907.582,233.75796508789062,-26.403554916381836,0,0,2,0,35.791332,52.698082,69.774025,64.00223,0.8351761,94,b'4750_2.50_-0.25',b'4750_2.50_-0.25',121.51372,True,60.339756,0.2139606,,,60.679844,0.9907118,-7.507291316986084,4816.532,70.698296,2.46613,0.099654116,-0.24983168,0.060361657,0,1.4763231,0.28154227,8.438034,1.4261509,0.33362833,0.06599341,0,0.07003862,0.088309295,0,0.35002947,0.08738128,0,0.3789502,0.09687894,0,0.11101705,0.04081787,0,0.1932922,0.027711159,0,0.11180434,0.04966203,0,0.16731156,0.022308787,0,0.05780475,0.061043814,0,0.12590021,0.04254699,0,0.08303994,0.02920041,0,0.25334767,0.017452585,0,0.30802962,0.025114551,0,-0.050414454,0.017967615,0,-0.15626921,0.034650873,0,0.27026448,0.020387866,0,0.051511917,0.01696757,0,0.1751991,0.040373906,0,0.19350006,0.08460521,0,0.13116696,0.30858824,0,0.24489518,0.28164965,1,-0.17277984,0.061118044,0,-0.31044626,0.15588613,0,,,2,0.42178127,0.45746234,1,0.0017981753,0.066897206,0,0.19678657,0.10150051,0,-0.111497946,0.2298886,1,0.03498622,0.10312925,0,0.29062152,0.064045615,0,0.40923798,0.20444526,0,1.1253432,6.8201447,2.0273032,0.051407643,51.14316,1898.3352,1841.8752,1961.2599,,,,0.30587506,0.58043635,0.92317665,1.2496303,0.09389761,0.13721786,-68.80451,0.11374083,1.5057627,-2.4725533,0.04918512,0.47565392,2.7836266,0.047307443,0.8388274,23.188385,0.3415,12.472258,1.4125652,10.623,0.021,10.058,0.022,9.894,0.02,9.922,0.021,1.2770066,0.5292013380444569,0.01757072,24.042526,3.239122,1.9349463,0.92689264,,0.06732189,0.03688744,0.09051198,0
150604001901092,b'10094689-7929465',5201867133955481088,b'galah_main',2179,b'allstar',57177.367,152.44554138183594,-79.49630737304688,0,0,2,0,19.473806,34.011562,47.397354,49.206894,0.81861055,94,b'4750_2.50_-0.25',b'4750_2.50_-0.25',89.4629,True,45.38741,0.2516353,,,45.702526,1.1747932,-1.8224122524261475,4716.5034,72.57406,2.4585662,0.10764808,-0.1087173,0.06121026,0,1.5973425,0.28155005,3.9987078,1.4470184,-0.15722343,0.091477826,0,0.06118855,0.1085058,0,0.114867404,0.058915954,0,0.1080413,0.15371215,0,0.17714202,0.058816426,0,0.14493808,0.03577306,0,0.17843577,0.06181709,0,0.16998902,0.02596653,0,-0.11582312,0.074901365,0,0.00965924,0.040677246,0,0.08156662,0.03333213,0,0.13984334,0.024117222,0,0.31895977,0.034156814,0,-0.030172069,0.02007539,0,-0.031790286,0.050401088,0,0.30175745,0.03643052,0,0.08572252,0.015659146,0,0.40767026,0.05464061,0,0.17952582,0.1641784,0,0.023190644,0.3049812,0,-0.0066152024,0.4139606,1,-0.25112107,0.0889598,0,0.020191342,0.18040091,0,,,2,0.26281148,0.6118393,1,-0.2590865,0.0884665,0,0.118528634,0.12626834,1,-0.29157245,0.4156103,1,0.027332447,0.07156687,0,0.14043814,0.10632097,0,0.49756077,0.2477477,0,1.1136303,7.450028,2.0929892,0.029375874,47.353302,3154.9888,3052.1292,3257.861,,,,0.20613334,0.50098664,0.80851793,1.1121302,0.02686476,0.2961831,-33.505898,0.0993299,0.6900021,10.20359,,,,0.046358194,0.39808893,22.855698,0.1378,13.517254,1.4147367,11.687,0.022,11.094,0.022,10.993,0.023,10.982,0.02,0.98345506,0.31737665684730926,0.010760469,-0.052228924,3.3953898,3.2177496,,0.22676979,,,,1
200714001901083,b'20270177-3625032',6695079515898550400,b'galah_main',503,b'allstar',59044.63,306.7574462890625,-36.41761016845703,0,0,2,0,23.413946,30.9165,38.982067,33.964508,0.6389218,94,b'6250_4.00_-0.25',b'6250_4.00_-0.25',127.77019,True,-44.935177,0.23711388,,,-37.668423,4.197805,3.7632617950439453,6262.7637,71.84082,4.109234,0.10437873,-0.19696629,0.067446955,1,1.1972202,0.31052622,7.581427,1.7162932,0.75629896,0.70849305,1,-0.122138135,0.22400494,33,,,34,0.36667156,0.08239352,0,0.0432923,0.058651056,0,0.10776631,0.049545787,0,0.24645573,0.093792275,0,0.059504,0.043258194,0,0.15774474,0.10661377,0,-0.026126867,0.076037005,0,0.19795413,0.06334713,0,0.069556996,0.06540456,1,0.0354361,0.27934247,1,-0.03759806,0.05144586,0,-0.11592517,0.05395372,0,-0.0069229007,0.17097688,1,0.02963952,0.02822111,0,0.13899812,0.13838363,0,0.22645481,0.14328377,0,,,2,,,2,-0.18177363,0.18883897,1,,,2,,,2,,,2,-0.023115851,0.13738962,0,,,2,,,2,-0.10626411,0.7484546,1,,,2,,,2,1.1273305,4.960004,1.2128066,0.009180378,3.3310134,1293.0446,1252.1356,1346.2845,,,,0.05454216,0.19015482,0.96390337,1.3881564,,,,,,,,,,,,,0.0399,13.874782,0.6576357,13.035,0.024,12.843,0.029,12.798,0.032,12.753,0.028,1.8003421,0.7664640382911578,0.030627038,-0.061265633,4.290819,3.5543523,,1.8059484,,,,1
210926001601164,b'20173866-5607038',6471830551825782784,b'galah_main',477,b'allstar',59483.414,304.4114685058594,-56.11766815185547,0,0,2,0,61.099163,97.36032,139.6535,124.4125,1.2401475,94,b'4750_4.50_0.00',b'4750_4.50_0.00',157.76399,True,-1.027561,0.19119954,,,-1.3349384,0.45983052,-22.946380615234375,4790.7324,66.82796,4.593318,0.10282072,-0.036848113,0.056178614,0,1.0617504,0.28173462,4.7336373,1.4458117,0.65124935,0.03331987,0,0.0017328276,0.031977072,32,-0.2791291,0.059642665,32,-0.22543472,0.04595835,0,-0.13486621,0.009274721,0,0.10882624,0.009077806,0,-0.06860119,0.017931286,0,-0.009541929,0.011481556,0,0.00307763,0.016177868,0,0.10849497,0.0118408445,0,0.05868271,0.014171505,0,0.12009099,0.009809257,0,0.29113233,0.01376742,0,0.0971647,0.010287358,0,-0.084192514,0.013184731,0,0.092622936,0.022815615,0,-0.0823392,0.006822874,0,0.1448529,0.019997094,0,0.06436885,0.031667,0,-0.0073147323,0.13488619,0,0.017076693,0.10985748,0,0.02097936,0.03129404,0,-0.01203707,0.07271568,0,,,2,-0.02804844,0.27343324,1,-0.12311111,0.02323365,0,0.07036336,0.098694324,0,0.074860476,0.1090414,0,-0.13083343,0.064329416,0,0.009748419,0.10985882,0,0.022864599,0.13017498,0,0.74895793,4.234179,2.0486596,0.02570367,0.24856621,122.54971,122.326805,122.79669,,188.97244,,0.016522024,0.03927473,0.7513423,0.87510335,,,,,,,,,,0.014140403,0.11047328,-12.282785,0.0724,11.803291,1.2424011,10.312,0.024,9.801,0.023,9.68,0.021,9.693,0.02,0.94532204,8.16168766746944,0.014904406,2.3679001,1.2107818,1.1867111,,-0.17972656,,,,1
170407005201356,b'16471417+0744303',4442154626940608128,b'galah_main',6250,b'allstar',57850.746,251.8090362548828,7.7417778968811035,0,0,2,0,41.069923,60.140884,86.123634,79.04538,0.8838721,94,b'4750_3.00_0.00',b'4750_3.00_-0.25',123.34034,True,-23.341908,0.20836851,,,-23.176638,0.41800463,20.35869598388672,4854.398,68.34093,3.1206827,0.10156383,-0.06974336,0.056380007,0,1.2969528,0.28120118,2.806894,1.5632046,0.070056625,0.05310959,0,0.004681702,0.060915045,0,0.07337655,0.08798633,0,0.20537849,0.08159787,0,0.086101234,0.029854696,0,0.12040634,0.01894969,0,0.1252873,0.03612019,0,0.04732665,0.019856649,0,-0.2223317,0.043718833,0,0.036453605,0.029008366,0,0.06071312,0.021099037,0,0.10495454,0.016045675,0,0.22780842,0.020421363,0,-0.038180698,0.016508067,0,-0.006270036,0.024711283,0,0.15888174,0.02073157,0,0.02284023,0.01091993,0,0.16399784,0.037937015,0,0.02374916,0.07462216,0,0.18474458,0.19170043,0,0.19744629,0.1850333,0,-0.031338435,0.039975945,0,-0.18629402,0.09768337,0,0.3772926,0.33398768,1,0.31638023,0.34535286,1,-0.14907053,0.04922156,0,0.22762443,0.072499506,0,0.026086584,0.13571966,0,0.025871642,0.07001767,0,0.069247164,0.0876963,0,0.27269202,0.18472706,0,1.0979587,7.986038,2.0058494,0.0,11.40616,1041.6925,1024.1832,1062.7078,,,,0.16629763,0.41176093,0.79587895,1.074442,,,,0.047876254,0.45029303,-34.69822,0.015255961,0.17518207,-42.199047,,,,0.1539,12.524949,1.2897701,10.856,0.022,10.264,0.027,10.19,0.022,10.203,0.021,1.3405205,0.9588421917380263,0.01628405,-1.7723733,2.1713376,2.1561918,,0.18246002,,,,1
161217006101116,b'07402176-7010414',5264625608400948864,b'tess_hermes',7197,b'allstar',57739.74,115.09066772460938,-70.17819213867188,0,0,2,0,33.96417,45.834652,54.201805,56.215805,0.77147394,94,b'5750_4.00_-0.25',b'5750_4.00_-0.25',111.36103,True,-22.576994,0.22005795,,,-19.525198,1.2025106,4.102601528167725,5798.7344,72.02459,3.88821,0.09895768,-0.27042615,0.06124424,0,1.3777399,0.29013896,6.9583044,1.5049149,0.7174283,0.13498893,1,0.045661233,0.17607594,33,0.6443001,0.45943996,33,0.42476305,0.06411638,0,0.19917798,0.03957783,0,0.1198447,0.035358977,0,-0.14710486,0.094141595,0,0.09956369,0.022858426,0,-0.002233781,0.06449355,0,0.10810824,0.04913095,0,0.056802556,0.04317663,0,0.03324022,0.03326906,0,0.095347494,0.04502153,0,0.092971146,0.024793383,0,-0.046306472,0.034758244,0,0.026187174,0.06434907,0,-0.019142438,0.01865139,0,0.16148637,0.057801113,0,-0.0898457,0.09336155,0,,,2,,,2,-0.031324025,0.06902925,0,-0.62976325,0.6487946,1,,,2,,,2,0.036694624,0.096049406,0,0.45020252,0.16628987,1,0.15380055,0.641876,1,-0.5178291,0.2580494,1,,,2,,,2,1.0656105,6.8640804,1.4529325,0.0,3.8496048,641.05396,624.71783,653.19434,,,,0.07891911,0.27538478,0.9136894,1.3487462,0.06581853,0.1352073,38.94152,0.10780664,1.0302105,13.794447,0.022803288,0.19983724,6.330799,0.031291768,0.35684606,12.521204,0.1811,12.529538,0.93745804,11.287,0.024,10.912,0.021,10.868,0.023,10.87,0.02,3.3035648,1.5568061376459328,0.034731176,33.75155,2.5893893,2.487534,2.0582936,,0.037721366,0.033625256,0.060356494,0
220711001601130,b'17052510-6322565',5817302618535006592,b'galah_bright',3157,b'allstar',59771.39,256.3545837402344,-63.382389068603516,0,0,2,256,14.233572,32.47505,49.178043,51.751087,0.86470115,94,b'4500_2.50_0.00',b'4750_2.50_0.00',133.14046,True,9.278117,0.23050258,,,8.26741,0.24816518,-9.956648826599121,4658.215,70.984665,2.42214,0.10486904,-0.008281499,0.0629228,0,1.9006597,0.28174168,1.0100563,1.5118535,-0.13591076,0.108246684,0,-0.027371023,0.1073074,0,0.14560902,0.10652464,0,-0.032734916,0.13096188,0,0.2375212,0.06392043,0,0.12500387,0.03509455,0,0.11779249,0.055374186,0,0.09966755,0.029563706,0,-0.25408104,0.070218004,0,0.086958535,0.047795244,0,0.027460743,0.033067495,0,0.11927132,0.024955895,0,0.33922338,0.035152655,0,-0.015321587,0.021712244,0,0.045903154,0.04984342,0,0.284271,0.028528659,0,0.09787227,0.015809895,0,0.34786734,0.06285504,0,0.16079229,0.21707405,1,0.21215026,0.19980693,0,-0.011590826,0.26783818,1,-0.14332929,0.07571391,0,0.0043929634,0.22501045,0,0.109199464,0.28596795,1,-0.029553432,0.4199507,1,-0.10768829,0.088695,0,0.14587171,0.13950813,0,-0.08261096,0.31012192,1,-0.042289793,0.10400678,0,0.018972434,0.17295507,1,0.15923561,0.16845268,0,1.119874,7.382603,2.1317668,0.023868414,49.272217,1337.4596,1315.105,1360.8632,,,,0.22904417,0.52181536,0.8572879,1.1312157,0.021072395,0.12562622,-132.16176,0.11644076,0.87885666,0.13799763,0.043387275,0.26143017,-7.7100935,0.040325467,0.18399233,-2.246047,0.2009,11.555025,1.3907814,9.784,0.023,9.178,0.024,9.042,0.023,9.072,0.021,0.980457,0.7456298699350422,0.015199609,-3.3422937,3.5515316,3.1557066,,0.17248167,,,,1
150606002401188,b'12502131-4752033',6127920322733702400,b'galah_main',4857,b'allstar',57179.418,192.5887908935547,-47.867610931396484,0,0,2,0,29.302511,43.931988,56.567413,56.83245,0.90216744,94,b'4750_4.50_0.00',b'4750_4.50_0.00',126.44377,True,-3.24937,0.2146763,,,-3.0401134,1.4031314,-15.22258472442627,4874.723,68.5656,4.5673614,0.09793775,-0.011974946,0.06463479,0,0.8145915,0.28447953,1.0094827,1.6228186,-0.027029648,0.10037507,0,-0.075835854,0.067439035,32,-0.28911597,0.10261827,32,-0.4684925,0.06924195,0,0.007062629,0.021114126,0,0.12660667,0.015571742,0,0.11510068,0.038186338,0,0.0029063001,0.026793897,0,0.090831324,0.030804878,0,0.12540255,0.02455779,0,0.21305096,0.025810303,0,0.2351024,0.022341069,0,0.3771307,0.019802397,0,0.13388172,0.015455898,0,-0.027847014,0.026653416,0,0.155973,0.03241348,0,0.002111254,0.013643754,0,0.020843,0.040985316,0,0.010620538,0.069478735,0,-0.45272684,0.1773691,1,-0.08536927,0.1833195,1,-0.08281446,0.066108435,0,0.03043013,0.16797274,0,,,2,-0.26549715,0.32229838,0,-0.26831752,0.053600665,0,0.13310239,0.22172904,0,0.36502108,0.30519852,0,0.018328257,0.18127427,0,0.123302914,0.20054772,0,0.0479298,0.2077939,1,0.7713379,4.783132,1.9963259,0.043146007,0.2913252,278.24347,276.7393,279.65628,,,,0.02354336,0.17296815,0.72601956,0.95749205,,,,,,,,,,0.011184174,0.26071382,-0.14835382,0.2581,13.485598,1.2505693,11.947,0.026,11.467,0.024,11.358,0.024,11.34,0.02,1.0284654,3.5945938387915146,0.016279524,3.0094426,2.2214394,3.1005847,,0.18913828,,,,1
210605003101260,b'19153273-0928302',4200983554637019008,b'galah_bright',3924,b'allstar',59370.734,288.88641357421875,-9.47511100769043,0,0,2,0,67.14331,124.527115,209.6654,185.41908,1.5243733,94,b'4750_2.50_0.00',b'4750_2.50_-0.25',92.40003,True,-49.36507,0.19147334,,,-50.01358,0.22507052,16.147953033447266,4780.7583,67.03367,2.4615593,0.10832369,-0.099224575,0.05550394,0,1.5460975,0.28044918,6.760584,1.4162495,0.062723435,0.032397002,0,-0.026658114,0.037060745,0,-0.09205479,0.07877335,0,0.07448371,0.052892454,0,0.045439333,0.022366144,0,0.14323771,0.014453791,0,0.11383131,0.017555742,0,0.021220624,0.01165032,0,-0.10472441,0.02592553,0,-0.03984722,0.023182182,0,-0.021911757,0.013119912,0,0.023072619,0.008936253,0,0.14458871,0.014473095,0,0.03190441,0.0072908243,0,-0.05161135,0.017908359,0,0.097531244,0.013245591,0,0.05579866,0.0063746804,0,0.21636681,0.021826917,0,-0.10487996,0.046492077,0,0.23578827,0.1501555,0,0.3757592,0.095333576,0,-0.004374075,0.025390914,0,-0.11861888,0.054293867,0,-0.037558854,0.18738261,0,-0.29479668,0.24657503,0,0.07799851,0.030434806,0,0.20668498,0.04218249,0,-0.010813966,0.04917041,0,-0.06627955,0.027666816,0,-0.007827977,0.05721243,0,0.23497294,0.08634413,0,1.1189579,7.311357,2.0525136,0.11933991,49.881138,933.6906,923.40204,945.3115,,,,0.23116638,0.51059496,0.8660512,1.1458977,0.09648717,0.18707585,41.736996,0.20524263,0.98540163,-21.463991,0.046889924,0.23163538,-11.304565,0.0911627,0.42694977,-13.40213,0.3364,11.129237,1.5157232,9.24,0.023,8.646,0.04,8.423,0.02,8.436,0.02,0.8395802,1.0740503861628716,0.01441638,0.079604566,0.83948463,1.0233799,,-0.30401865,,,,1
170806005201267,b'21345187-6700107',6400287185632518400,b'galah_main',184,b'allstar',57971.73,323.71612548828125,-67.00294494628906,0,0,2,0,21.478725,26.195477,31.406889,24.995602,0.6904453,94,b'6250_4.00_-0.25',b'6250_4.00_-0.25',115.71318,True,4.275242,0.2803034,,,5.107931,1.6612328,-5.481881618499756,6299.9946,74.76525,4.208819,0.10039812,-0.11290958,0.07037969,1,1.1611056,0.32665893,13.555177,1.5678631,1.4763871,0.8704631,1,-0.19807062,0.24151415,33,,,34,0.20218547,0.15864086,0,-0.0018690675,0.09012113,0,0.12281426,0.067657575,0,0.0892126,0.118724145,1,-0.0007834174,0.05539919,1,0.28860608,0.14928691,0,-0.027556831,0.08364927,0,0.034435403,0.08291541,1,0.11335817,0.07204411,1,0.08374925,0.34391034,1,-0.040955745,0.057635993,0,-0.02995693,0.08024347,0,0.07949447,0.23662262,1,-0.014420971,0.03618508,1,0.012444124,0.16014832,1,-0.08891271,0.16272393,1,,,2,,,2,0.20773518,0.21196082,1,,,2,,,2,,,2,-0.21564656,0.15476221,0,,,2,,,2,0.2886501,0.25381458,1,,,2,,,2,1.1248044,4.330911,1.1971524,0.0,2.70591,544.98834,541.3407,548.54333,,,,0.05694968,0.18459071,0.96961737,1.3867584,,,,,,,,,,,,,0.0386,12.241788,0.6310692,11.413,0.024,11.17,0.024,11.154,0.021,11.134,0.022,1.0634838,1.8343519335172058,0.011630892,24.90676,5.144746,4.7182627,2.3228128,,0.10702658,0.08049295,0.05366993,0
150401004101063,b'10151805-3147435',5460915406355203072,b'galah_main',5576,b'allstar',57113.45,153.82525634765625,-31.7954158782959,0,0,2,0,103.83076,133.31378,159.70374,140.97845,0.95169216,94,b'5500_4.50_-0.25',b'5500_4.50_-0.25',97.20708,True,20.627195,0.2103512,,,21.556068,0.50227886,-7.899714946746826,5572.7544,68.631454,4.546907,0.11220911,-0.15334034,0.057127014,0,0.8293303,0.28430283,4.7835093,1.5048659,0.43478325,0.05170896,0,0.06308244,0.020564402,32,-0.08155531,0.105489574,32,0.079359695,0.039397758,0,-0.11023465,0.014936422,0,0.15779588,0.015648566,0,-0.06174089,0.037373483,0,0.0703184,0.009505591,0,-0.0091618,0.028013326,0,-0.05194316,0.021800945,0,0.015800314,0.020939695,0,0.018813025,0.013556201,0,0.017005734,0.025459927,0,-0.0505703,0.012062268,0,-0.079036005,0.012184355,0,0.06481799,0.023440713,0,-0.031149289,0.008412759,0,-0.11792576,0.02175382,0,-0.019452617,0.024355356,0,,,2,,,2,-0.018803399,0.027478362,0,-0.26584923,0.13410662,0,,,2,,,2,0.092485555,0.038546946,0,0.051290564,0.1797986,0,0.79292464,0.03416109,0,0.46553144,0.023280554,0,,,2,,,2,0.87841845,4.0671244,1.5822458,0.0,0.59397614,229.05177,228.19768,230.08789,,,,0.07908774,0.2094131,0.8624421,1.2256253,,,,0.004232357,0.10516495,28.055166,0.0033109947,0.12597567,0.6333599,,,,0.0954,11.982567,0.8623781,10.891,0.024,10.545,0.024,10.533,0.024,10.495,0.021,1.4617504,4.3664501276204986,0.016515449,9.820029,1.1307497,0.7975802,1.2876016,,0.054279853,0.034745246,0.06254578,0
160403005201140,b'14573187-3242190',6205082880537539840,b'galah_main',5723,b'allstar',57481.668,224.38279724121094,-32.70530700683594,0,0,2,0,22.577162,35.889282,46.543606,50.203007,0.80547273,94,b'4750_4.50_-0.25',b'4750_4.50_-0.25',189.93755,True,11.216342,0.2259829,,,9.5588875,6.2730713,17.84117889404297,4855.728,69.47996,4.6085343,0.10800938,-0.09783053,0.060108334,0,0.89617574,0.28819385,3.7810133,1.6125653,0.17948698,0.09357499,0,-0.03057026,0.058904596,32,-0.82536894,0.12346223,33,-0.4741389,0.08638893,0,-0.23618947,0.028803179,0,0.11116368,0.018826256,0,0.033692136,0.05422975,0,0.038811322,0.033203248,0,0.09841952,0.03572321,0,0.073921144,0.028908817,0,-0.05564358,0.035971887,0,0.09707029,0.02339845,0,0.30663598,0.033396486,0,0.027146408,0.023796543,0,-0.046673473,0.032075807,0,0.30980623,0.03304887,0,-0.028463822,0.021161282,0,0.12902513,0.044530913,0,0.20468932,0.0815193,0,0.28958112,0.22817466,0,-0.051884186,0.38732064,1,-0.1123509,0.07259748,0,-0.14434056,0.25350875,1,,,2,,,2,-0.21736735,0.05546012,0,0.06428522,0.3543781,1,0.81063986,0.16333683,1,-0.7647535,0.24850486,1,-0.30047065,0.31457326,1,,,2,0.7464622,4.389883,2.0064857,0.048653867,0.25245586,278.39352,277.06625,279.7954,,,,0.05268174,0.17770788,0.7455466,0.94958186,,,,0.046269495,0.622172,-10.8966875,0.033469077,0.38654086,-29.19329,,,,0.1608,13.768539,1.2960672,12.127,0.022,11.627,0.023,11.51,0.023,11.494,0.022,0.9521128,3.5894900183359844,0.017539812,-0.73777384,2.687748,3.713684,,0.24644007,,,,1
160130003601037,b'05522446-1823539',2967490628201732480,b'galah_main',1948,b'allstar',57417.47,88.10195922851562,-18.398305892944336,0,0,2,0,32.1872,46.564518,61.079964,54.379757,0.7085628,94,b'5250_4.50_-0.25',b'5250_4.50_-0.25',109.13099,True,19.198627,0.23179118,,,18.058853,1.3828392,-14.971331596374512,5336.9487,71.62334,4.5609636,0.101907454,-0.120610185,0.06324333,0,0.8391058,0.28459623,1.5463207,1.7724885,0.25561774,0.0818003,0,-0.075039886,0.055531148,32,-0.15141809,0.10945351,33,-0.47850937,0.12706158,1,-0.08479204,0.035159793,0,0.119902186,0.02971271,0,0.087640435,0.06633821,0,0.07553373,0.02616653,0,-0.21535209,0.0495273,0,0.002263112,0.032489926,0,0.015415594,0.03985476,0,0.045133512,0.024337675,0,0.16178665,0.03746884,0,-0.030182369,0.020694977,0,-0.028276645,0.032174006,0,0.011353053,0.0438364,0,-0.014653646,0.015660437,0,0.08220221,0.042733084,0,-0.14539357,0.07406298,0,,,2,,,2,-0.075806856,0.06450498,0,0.4418616,0.3636148,0,,,2,,,2,-0.014375608,0.06685234,0,-0.18230566,0.3305905,1,0.3873718,0.6002516,1,-0.0986756,0.26963273,1,,,2,,,2,0.8418822,4.2385154,1.7166903,0.0,0.46361205,348.51022,346.58737,349.96503,,,,0.10150491,0.2982655,0.84912354,1.2135721,,,,,,,,,,0.026036842,0.5931376,14.331169,0.0736,13.241845,0.95577717,12.048,0.03,11.66,0.026,11.579,0.023,11.582,0.022,1.0585378,2.868688066670298,0.011620791,3.3375292,2.3726645,2.47514,,0.7311215,,,,1
170122002101179,b'04460281-1421348',3173682937109712896,b'galah_main',669,b'allstar',57775.445,71.51171112060547,-14.359694480895996,0,0,2,0,38.058968,47.803623,52.809803,47.784794,0.6712754,94,b'6000_4.00_-0.25',b'6000_4.00_-0.25',103.08879,True,111.74532,0.23615506,,,111.4114,2.1199987,-19.814382553100586,5914.322,71.64702,3.948454,,-0.2626878,0.063400865,0,1.1916577,0.2936617,7.544861,1.5002337,0.4070431,0.1712114,1,-0.009503009,0.1806569,32,0.81639,0.2286626,33,0.24857953,0.07738959,0,0.011496335,0.038111612,0,0.12256906,0.038931485,0,-0.02651301,0.06806608,0,0.09528512,0.02681762,0,0.12910801,0.075656034,0,0.08117008,0.05213456,0,0.15757519,0.045987632,0,0.060254466,0.03652488,0,-0.019107789,0.10085904,0,0.032275207,0.024726184,0,-0.10319565,0.033125132,0,0.02597265,0.046978086,0,-0.0076557696,0.023736412,0,0.047863692,0.06758496,0,0.083771005,0.08621311,0,,,2,,,2,0.68763196,0.061339483,0,,,2,,,2,,,2,0.7379575,0.08819809,0,,,2,,,2,0.36022356,0.15242676,0,,,2,,,2,1.0541143,7.0697484,1.3910028,0.036324,3.5871406,949.09576,939.4292,960.37286,,,,0.07923407,0.1855479,0.9146307,1.2932638,,,,,,,,,,,,,0.1009,13.397322,0.8458414,12.313,0.026,11.972,0.024,11.895,0.025,,,1.0330324,1.0544421293361421,0.013452733,4.0927253,2.8617146,2.85022,,1.3470411,,,,1
170511000601347,b'10320499-2842299',5467591503517599232,b'galah_main',5914,b'allstar',57884.387,158.0207977294922,-28.70830535888672,0,0,2,0,33.670753,43.85367,57.621704,51.37411,0.7213807,94,b'5500_4.50_0.00',b'5500_4.50_-0.25',96.154915,True,-14.346747,0.2370624,,,-13.160137,3.5255103,-20.40418815612793,5601.166,72.35682,4.44421,0.108984865,-0.06381176,0.057921305,0,1.1187847,0.28689733,1.0588375,1.7412382,0.29415876,0.104034424,1,0.03692572,0.053881027,32,0.27181906,0.11285807,32,0.28223848,0.10084422,0,-0.0019995123,0.03484821,0,0.1268321,0.03609964,0,0.11467132,0.061638314,0,0.005780725,0.024324266,0,-0.1253285,0.058189984,0,-0.06678383,0.037342858,0,0.01959907,0.036539704,0,-0.024606915,0.029691292,0,0.08091919,0.040451154,0,0.026990032,0.020835513,0,0.013042346,0.03443205,0,0.123176396,0.04391834,0,0.023052428,0.017454678,0,0.03733465,0.04924224,0,-0.090390876,0.079926424,0,,,2,,,2,-0.017988365,0.06281833,0,-0.17115662,0.403868,1,,,2,,,2,-0.17362902,0.066296645,0,0.2363753,0.35580522,1,-0.34991735,0.6254792,1,-0.2891009,0.29578856,1,,,2,,,2,0.90201706,7.62834,1.5684948,0.0,0.7885208,534.9407,530.19556,539.4793,,,,0.06424186,0.24735272,0.8811531,1.2893981,,,,,,,,,,0.012787544,0.10402672,-27.50916,0.0721,13.624153,0.8827553,12.467,0.027,12.108,0.024,12.081,0.021,12.115,0.023,1.1767864,1.8643804342499486,0.017139355,0.44443512,2.4282768,2.7715602,,1.0074378,,,,1
161229002201013,b'05115345+1609550',3393880584614808064,b'k2_hermes',6776,b'allstar',57751.566,77.97274780273438,16.165306091308594,0,0,2,0,27.592997,38.874596,53.648937,47.538376,0.79182094,94,b'4500_2.00_-0.25',b'4500_2.00_-0.25',90.00546,True,8.933427,0.2365206,,,9.154172,0.5043093,-10.236966133117676,4599.5,70.58687,2.1993551,0.10424347,-0.29276532,0.06058803,0,1.4710344,0.281971,5.388864,1.4227378,0.13375708,0.07724501,0,0.16723572,0.101255,1,0.032089636,0.16060433,0,0.4674607,0.12374746,0,0.09595579,0.050288204,0,0.17138734,0.033929426,0,0.022040233,0.05635864,0,0.06219353,0.031720176,0,0.3607993,0.07480562,0,0.09804742,0.046823997,0,-0.026095288,0.028154997,0,0.062713966,0.021949278,0,0.14549744,0.031435914,0,-0.042942546,0.023769692,0,-0.14019106,0.03958982,0,0.09907542,0.031346336,0,0.0046826266,0.01894843,0,0.12022824,0.05422118,0,-0.046037987,0.11169908,0,-0.11968417,0.2068402,0,0.12040857,0.23457058,1,-0.02622126,0.05594452,0,-0.0016964129,0.12202837,0,-0.08492223,0.31173205,1,-0.03975733,0.36065948,1,0.21853289,0.07929075,0,0.4266975,0.17428547,0,0.047063306,0.16024159,0,0.14356518,0.07088569,0,0.1644863,0.08247527,0,0.031403836,0.16343246,0,1.3451172,4.3123903,2.1663706,0.055080134,93.959816,2704.7625,2590.8586,2825.0703,,,,0.2314676,0.4847225,0.8377346,1.0867529,0.016067972,0.11784719,-101.522156,0.21287763,0.929634,13.186459,0.07664278,0.8144008,9.029812,0.06514575,0.48775414,15.211307,0.2979,12.764817,1.5913954,10.702,0.027,9.998,0.03,9.867,0.018,9.858,0.02,1.0039861,0.363262893704439,0.016552972,21.067928,2.8771641,2.9883988,0.5761093,,0.06956686,0.06307612,0.097709976,0
201006002601364,b'22110600-2634434',6619119510278453376,b'galah_faint',6911,b'allstar',59128.49,332.77496337890625,-26.578777313232422,0,0,2,2048,30.430292,45.86366,73.310455,55.41425,0.7425986,94,b'4750_2.50_-0.25',b'4750_2.50_-0.25',125.40189,True,-43.91135,0.24074818,,,-44.51538,0.831198,-21.87843132019043,4865.5713,70.79862,2.4794378,0.10862385,-0.25256395,0.060592216,0,1.5944777,0.28180027,4.140998,1.5037062,0.2116383,0.06690866,0,0.023521988,0.09729593,0,0.41008508,0.10168825,0,0.3799307,0.121949196,0,0.1246739,0.049973864,0,0.17783421,0.03151223,0,0.16254056,0.05384157,0,0.15944399,0.023821833,0,-0.09529056,0.071825266,0,0.18147157,0.031227143,0,0.032897986,0.027467845,0,0.24500842,0.017422212,0,0.31707823,0.023718005,0,0.015273605,0.018657882,0,-0.18788075,0.037615858,0,0.2540539,0.024306785,0,0.09382626,0.015589696,0,0.13263619,0.048300743,0,0.17711134,0.10656469,0,0.44960898,0.3215474,0,0.35427955,0.3152629,1,-0.24618092,0.065393604,0,-0.2941768,0.15223037,0,,,2,0.4471702,0.54392356,1,0.0073332414,0.06441581,0,0.19946636,0.09387181,0,-0.08106882,0.2967881,1,0.05249227,0.055368546,0,0.26028216,0.07795323,0,0.42841104,0.19613564,0,1.261198,4.8864956,1.9965271,0.0,57.88626,2974.3572,2872.334,3101.123,,,,0.20263565,0.46941245,0.8465461,1.1727909,,,,0.02595425,0.28814164,-52.831734,0.010990441,0.14747122,-57.69616,0.0149505595,0.13400996,-54.745552,0.0299,12.880441,1.1833858,11.336,0.021,10.824,0.023,10.714,0.023,10.786,0.021,1.0338484,0.32965094828740976,0.017801588,4.616709,2.7289784,2.2761753,,0.31470487,,,,1
170404003101292,b'16244360+0859449',4452430009780066816,b'galah_main',6462,b'allstar',57847.734,246.18167114257812,8.995833396911621,0,0,2,0,16.913513,25.58828,39.118793,39.040825,0.75082934,94,b'4750_4.50_0.00',b'4750_4.50_-0.25',141.62437,True,-22.445456,0.25087994,,,-23.873634,1.4682518,19.286094665527344,4864.215,71.06965,4.605736,0.08732064,-0.13993537,0.05847293,0,1.2089616,0.28970626,5.733851,1.4655931,0.12752931,0.1001202,0,-0.037414405,0.07720501,32,-0.36202508,0.21355177,32,-0.36125982,0.11737448,0,0.038659364,0.031814195,0,0.17716372,0.024175264,0,0.0784404,0.060195863,0,0.09272002,0.04377899,0,0.03068982,0.04430547,0,0.10130579,0.034510244,0,0.17039678,0.04088851,0,0.13842046,0.0329647,0,0.40025175,0.03858015,0,0.12520254,0.030435523,0,-0.046642892,0.05212924,0,0.012036011,0.07222717,0,-0.0076438123,0.020689959,0,-0.03456588,0.06841116,0,0.15659404,0.12164056,0,-0.56523263,0.2794112,1,0.06286011,0.31997526,1,0.10441989,0.104110315,0,0.020592716,0.28257146,1,,,2,-0.19975841,0.5512629,1,-0.17311507,0.06753898,0,0.20764406,0.35902447,1,0.48188516,0.4848301,1,0.012464233,0.2977358,1,-0.016648617,0.32997522,1,0.10974924,0.29159257,1,0.7456579,4.5198216,2.000202,0.017441776,0.25559336,259.13544,258.10095,260.2485,,,,-0.009546653,0.05463819,0.7207663,0.9029526,,,,0.0123519255,0.11816001,-12.887101,,,,0.045570195,0.5098808,-24.799479,0.0859,13.422365,1.2077932,11.896,0.022,11.431,0.024,11.316,0.023,11.332,0.022,1.044834,3.8558881536783334,0.015556773,-2.3802524,3.4380646,4.338,,0.36369762,,,,1
170517003901118,b'18490724-3123290',6737018497181441024,b'galah_main',3101,b'allstar',57890.727,282.2801818847656,-31.391416549682617,0,0,2,0,28.113327,41.11568,58.217762,56.2983,0.80068916,94,b'4750_2.50_-0.25',b'4750_2.50_-0.25',134.3347,True,-10.861161,0.23754184,,,-12.406595,2.0942779,20.406436920166016,4865.003,71.34158,2.4491825,0.115443,-0.27226713,0.06176132,0,1.5273647,0.28186697,5.177279,1.4351336,0.1371138,0.07771085,0,0.11823706,0.07951856,0,0.32243496,0.09594315,0,0.27465206,0.109609164,0,0.055493727,0.050222117,0,0.17398542,0.031580515,0,0.11228275,0.056020696,0,0.16207467,0.02430893,0,0.25485525,0.06650425,0,0.07263803,0.044562146,0,0.012712033,0.027335368,0,0.17485514,0.01831315,0,0.25261256,0.024275212,0,-0.017270178,0.019614195,0,-0.15760827,0.040657353,0,0.20392355,0.024535611,0,0.057452776,0.015816148,0,0.15743995,0.049481545,0,0.07483027,0.11480203,0,0.5049446,0.29744157,0,0.23590177,0.3362745,1,-0.23468569,0.06564556,0,-0.207116,0.15688932,0,,,2,0.5021243,0.5274202,1,-0.060716085,0.07601953,0,0.21027136,0.12935849,1,-0.21519446,0.29915035,1,0.07282785,0.057283428,0,0.33614722,0.08047894,0,0.40220103,0.21766256,0,1.3333778,4.0467844,1.9966148,0.046818007,65.584015,4052.8296,3824.7886,4309.6436,,,,0.25609118,0.47665048,0.9044982,1.1865308,0.025208564,0.14583884,11.1561365,0.13916926,1.0279,-4.3668714,0.013490723,0.12837692,-16.907646,0.03784201,0.45072442,-6.2351327,0.2125,13.7404375,1.3439169,11.977,0.023,11.467,0.028,11.297,0.023,11.336,0.022,1.0809162,0.2407845445543518,0.017118309,4.210682,2.3812344,2.7850626,,0.25235757,,,,1
170517003901252,b'18473449-3037356',6761311588125353984,b'galah_main',3101,b'allstar',57890.727,281.8937072753906,-30.626583099365234,0,0,2,0,28.852951,36.44043,43.277695,43.007786,0.76703846,94,b'5000_3.50_-0.25',b'5000_3.50_-0.25',145.46147,True,41.1387,0.24545059,,,44.181934,2.5709176,20.346036911010742,5052.366,73.1613,3.3207843,0.10980773,-0.22760025,0.060864136,0,1.1805842,0.28438598,3.5454893,1.4659911,0.22630638,0.10151488,0,0.051734675,0.08861877,0,0.21015368,0.10715871,1,0.18167199,0.13558094,0,0.09741363,0.048680726,0,0.1288254,0.04247428,0,0.03424254,0.08008744,0,0.084470704,0.030775417,0,-0.13593134,0.0765933,0,0.12492624,0.044131365,0,0.0035502021,0.036298063,0,0.035056226,0.027580304,0,0.123189606,0.033441953,0,-0.011733353,0.021374116,0,-0.029146932,0.040035684,0,0.124201514,0.041853335,0,0.043819286,0.016866604,0,-0.005073279,0.056668382,0,0.20795871,0.104870595,0,,,2,,,2,-0.074849084,0.070611216,0,-0.17068397,0.27494815,1,,,2,,,2,0.03670282,0.10285659,0,0.047303,0.43099272,1,-0.10460124,0.43584666,1,-0.0001564771,0.17594136,0,0.23959175,0.25477958,1,,,2,1.1930811,5.2820044,1.8812146,0.029376127,9.174022,1369.7699,1298.5015,1447.0834,,,,0.1878719,0.35558453,0.8528588,1.125253,0.01957902,0.10045786,15.637338,0.12001155,0.7567017,-7.7686043,,,,0.01772543,0.11581472,27.958778,0.2075,13.349967,1.2205372,11.772,0.025,11.281,0.026,11.175,0.023,11.169,0.021,1.8351201,0.7372557658893842,0.03148488,-1.1736685,2.945968,3.7192082,,0.5385716,,,,1
131217002301113,b'04220678-5906369',4678988538209297792,b'other',-1,b'allstar',56643.508,65.52828979492188,-59.11027145385742,0,0,2,0,111.93923,158.31769,225.6169,178.60875,1.3908236,94,b'5250_4.50_-0.25',b'5250_4.50_-0.25',105.53128,True,16.535583,0.20232095,,,15.935692,0.75375307,-6.190825939178467,5182.545,67.730774,4.5812807,0.09992432,-0.09805291,0.05536852,0,0.9354682,0.28164458,4.2853193,1.4852606,0.025162721,0.04004635,0,-0.21164015,0.020422418,32,-0.28335893,0.041178796,32,-0.80684966,0.049133822,1,-0.099861555,0.00971522,0,0.14616272,0.010939842,0,0.14036167,0.024129177,0,0.034320522,0.010943679,0,-0.10231318,0.019903306,0,-0.02276126,0.015025052,0,-0.020191895,0.017059742,0,0.06626876,0.00946855,0,0.20614167,0.012867138,0,-0.015648516,0.008403479,0,0.0063456222,0.010545503,0,0.09670158,0.017106595,0,-0.03260669,0.006123103,0,0.035977036,0.016692718,0,-0.043391123,0.019406818,0,,,2,,,2,-0.0010866309,0.02304489,0,0.33956227,0.07994256,0,,,2,,,2,-0.12783337,0.02798533,0,0.23884022,0.08332632,0,0.4140484,0.0960736,0,0.38112065,0.038710203,0,,,2,,,2,0.81131357,4.418906,1.8074714,0.004590035,0.37911862,170.12334,169.86087,170.4471,,-233.46442,,0.0922207,0.22382012,0.8111777,1.0558654,,,,0.009715875,0.11293209,25.899696,0.12844238,5.0,85.68165,0.011376669,0.14660235,3.123869,0.0242,11.954166,1.0199013,10.658,0.028,10.268,0.027,10.154,0.022,10.183,0.02,0.97084457,5.881433891749826,0.009652919,0.50257105,0.83648074,0.72001815,,0.1055754,,,,1
170508004301383,b'15381328-1407233',6265516261549225472,b'k2_hermes',6822,b'allstar',57881.613,234.55532836914062,-14.123138427734375,0,0,2,0,25.78551,36.17807,60.54386,54.601208,0.75049293,94,b'4750_2.50_-0.25',b'4750_2.50_-0.25',131.36449,True,9.572468,0.23560385,,,9.718699,0.6844097,4.302891731262207,4738.819,71.405624,2.6605322,0.103842266,-0.27876565,0.059055112,0,1.3612466,0.2825893,5.4159403,1.4508971,0.078653954,0.07201116,0,0.013970336,0.111405574,0,0.27779782,0.07670347,0,0.12935285,0.115934476,0,0.13380137,0.05882267,0,0.10274161,0.032881476,0,0.132952,0.056396566,0,0.052442644,0.030297143,0,-0.10304703,0.06900855,0,0.06783113,0.044710718,0,0.10184849,0.030911138,0,0.12896034,0.021173542,0,0.289101,0.031142976,0,0.017699864,0.021720508,0,-0.082687974,0.043288942,0,0.20571709,0.02678389,0,0.058156047,0.021256026,0,0.16854559,0.05773767,0,0.048295327,0.1215566,0,0.3964569,0.31893033,0,0.2350546,0.36188918,1,-0.15975729,0.07142156,0,-0.2169951,0.22666053,1,,,2,0.24007392,0.5831196,1,0.04203316,0.0756058,0,0.28628257,0.19101177,1,-0.04323396,0.33458686,1,0.16706172,0.064196914,0,0.3531831,0.08789115,0,0.24308456,0.21550441,0,1.1312973,6.9173717,2.075257,0.048654377,30.79071,1293.9885,1262.7222,1325.448,,,,0.21912867,0.43299097,0.84846425,1.0960793,0.025394833,0.15053903,-23.673567,0.16329125,2.086537,35.761734,0.024800608,0.34274128,-26.884739,0.028136048,0.34261626,-11.26783,0.1797,12.072586,1.366992,10.316,0.024,9.718,0.022,9.562,0.02,9.585,0.02,1.0382414,0.7765296331271526,0.0145017905,3.5030444,2.7413766,2.9237888,,0.14130451,,,,1
140709002501178,b'16135747-6732477',5821172280997212800,b'galah_main',3480,b'allstar',56847.49,243.489501953125,-67.5466079711914,0,0,2,0,17.18261,30.347897,41.55683,42.165203,0.739039,94,b'4750_2.50_-0.25',b'4750_2.50_-0.25',130.61385,True,-44.40315,0.2482159,,,-44.92898,1.5895243,-10.65629768371582,4692.6978,75.03614,2.4669847,0.11603534,-0.2768683,0.06447596,0,1.2677568,0.28344393,7.548944,1.4600884,0.16264766,0.101158746,0,0.16391797,0.08578383,0,0.1839237,0.076112755,0,0.30415094,0.11965758,0,0.08552447,0.069576934,0,0.10817925,0.04140506,0,0.1060006,0.074416704,0,0.06748924,0.03950183,0,0.12593669,0.08809064,0,0.0242017,0.06460903,0,0.10394355,0.038993414,0,0.16443625,0.030257806,0,0.30227906,0.040896036,0,3.278702e-05,0.032236855,64,-0.01617828,0.06810205,0,0.14486432,0.038817987,0,0.03631499,0.02785465,0,0.05558081,0.06628176,0,0.044880223,0.17822616,0,0.59456116,0.4056977,0,0.047105435,0.50876313,1,-0.13707125,0.09876875,0,-0.232141,0.33111382,1,,,2,0.3861549,0.7185641,1,0.13883263,0.10225984,0,0.25565544,0.21150829,1,-0.1642727,0.5179456,1,0.18203777,0.087977484,0,-0.0944278,0.30394873,1,0.4418911,0.28057212,0,1.1052928,7.2424912,2.105305,0.019277608,45.172863,3426.4495,3271.8628,3581.2275,,,,0.31225297,0.55475587,0.9275137,1.194743,,,,0.039653346,0.36335087,-48.558144,0.06931097,1.1364325,-31.706993,,,,0.1664,13.632137,1.3269243,11.914,0.023,11.348,0.022,11.201,0.021,11.247,0.02,1.0270367,0.2979784668087798,0.014700305,23.038218,3.034843,4.1492033,0.7376026,,0.06643448,0.078692414,0.10361385,0
160530005001113,b'19085613-3914215',6717609260770105216,b'galah_main',1882,b'allstar',57538.684,287.2339172363281,-39.23933410644531,0,0,2,0,45.945904,70.94805,94.49683,93.96783,1.0265464,94,b'4750_2.50_-0.25',b'4750_2.50_-0.25',91.78147,True,84.783615,0.2000575,,,85.85309,0.84495693,16.143110275268555,4787.148,67.984955,2.470203,0.099438794,-0.19959664,0.055255104,0,1.5560039,0.28037015,5.167909,1.4284366,-0.014199226,0.047777448,0,0.054727912,0.06649774,0,0.1679605,0.0647485,0,0.14039253,0.07252632,0,0.17178708,0.030175766,0,0.19670585,0.018808816,0,0.17025825,0.03452284,0,0.19964778,0.012764911,0,-0.09161131,0.043248408,0,0.11536981,0.023734536,0,0.14661857,0.017918894,0,0.1842172,0.011424496,0,0.31694013,0.017562728,0,-0.017532652,0.011054231,0,-0.13528222,0.023673074,0,0.28488603,0.0152704315,0,0.08288324,0.013327658,0,0.33603847,0.028759012,0,0.118062295,0.06537359,0,0.3089988,0.22661205,0,0.38135833,0.22005068,0,-0.2130578,0.04193652,0,-0.2728756,0.1284667,0,,,2,0.272529,0.3746898,0,-0.06026294,0.050811205,0,0.17236938,0.07315675,0,-0.19806221,0.1602939,0,0.047650523,0.031006403,0,0.3170064,0.049531125,0,0.40288925,0.17768446,0,1.0784467,7.8280315,2.0466964,0.001836105,47.3803,2351.6409,2266.7095,2439.337,,274.78363,,0.22653922,0.47843722,0.8418403,1.110701,0.030040197,0.16051318,-88.30451,0.106513746,1.3889263,31.379086,,,,0.014152705,0.10919769,73.913956,0.1193,12.791557,1.3252583,11.061,0.022,10.505,0.024,10.373,0.019,10.423,0.021,0.9815168,0.42743882059771254,0.015213202,1.9750792,1.84119,1.6136225,,0.043458328,,,,1
170408006001381,b'17541959+0838326',4488408538504063744,b'galah_main',5080,b'allstar',57851.78,268.5816650390625,8.642389297485352,0,0,2,0,22.51727,29.995358,46.683846,40.257687,0.7500491,94,b'5000_4.50_0.00',b'5000_4.50_0.00',170.15042,True,-31.998934,0.25016934,,,-32.272007,1.0831877,23.735177993774414,5026.27,73.8489,4.5803533,0.10332916,-0.048737116,0.06140014,0,0.9364637,0.28622442,1.4401816,1.6839579,0.03530789,0.11320159,0,-0.13976721,0.07437958,33,-0.6943859,0.1802338,33,-0.50769997,0.115490034,0,-0.08685193,0.036240604,0,0.13703135,0.024240734,0,0.05504395,0.056208864,0,0.15429212,0.03226542,0,0.07591204,0.05053735,0,0.026951225,0.030469006,0,0.021907998,0.04011663,0,0.06204794,0.02922853,0,0.29182017,0.041665714,0,-0.04023756,0.03408979,0,0.04219409,0.034662668,0,0.11351265,0.04864341,0,0.019531067,0.021657795,0,0.12759452,0.059417546,0,0.29612458,0.09818922,0,0.59791595,0.25979733,0,-0.001608268,0.34780085,1,0.20973848,0.08480013,0,-0.095372096,0.27702102,1,,,2,,,2,-0.2345911,0.07817208,0,0.0072653033,0.39375553,1,0.38670522,0.6790892,1,-0.08821686,0.2831566,1,-0.5875699,0.3714928,1,,,2,0.7926038,4.3489285,1.9024444,0.0,0.32838303,260.0634,258.9655,261.23303,,,,0.08579054,0.19787171,0.76742554,0.96673906,0.016726958,0.12506756,13.766238,0.02830088,0.11684431,-20.073677,,,,,,,0.184,13.247952,1.2144976,11.687,0.022,11.178,0.026,11.132,0.022,11.128,0.021,1.0621983,3.846242901518695,0.014809886,5.380834,3.44914,3.2546241,,0.5590152,,,,1
161105004101053,b'01050353+0039324',2537872917959182464,b'k2_hermes',6691,b'allstar',57697.57,16.26474952697754,0.6590277552604675,0,0,2,0,23.23686,32.140858,43.437286,37.43976,0.7279643,94,b'5250_4.50_-0.25',b'5250_4.50_-0.25',152.35216,True,12.23632,0.25653943,,,11.826695,2.8110137,-14.615065574645996,5197.8784,76.622894,4.570621,0.101064704,-0.16457659,0.064787924,0,0.9260916,0.28898883,3.3533053,1.525691,0.26337153,0.108134575,0,-0.12746762,0.045567144,33,-0.2986735,0.14844213,33,-0.68048507,0.14866574,1,-0.052799284,0.036811788,0,0.1834521,0.031168636,0,0.14095277,0.08842753,0,0.028609186,0.035043426,0,0.10636839,0.06519209,0,0.03772489,0.039240625,0,-0.04323786,0.050029796,0,0.123509794,0.029680895,0,0.30207318,0.03314731,0,0.018256595,0.027127696,0,0.056139298,0.041807447,0,0.15552877,0.054957706,0,0.028925806,0.019088876,0,0.12896325,0.057221614,0,0.08404204,0.09954446,0,,,2,,,2,-0.010069921,0.084791936,0,0.41811505,0.44929335,1,,,2,,,2,-0.15919706,0.08380498,0,-0.024174806,0.4149893,1,0.6847812,0.26225063,1,0.3979052,0.22234026,0,,,2,,,2,0.8035658,4.804697,1.7966168,0.0,0.3894034,391.31198,388.38278,394.16016,,,,0.07157931,0.22558603,0.7779436,1.0812849,,,,,,,,,,,,,0.0307,13.754393,1.0385246,12.439,0.024,11.981,0.024,11.94,0.021,11.932,0.023,1.032082,2.554278731867108,0.018895442,-2.563197,4.0781875,3.1598914,,0.81618917,,,,1
170509003201173,b'13091806-3714534',6142571280808651776,b'galah_main',5927,b'allstar',57882.496,197.32525634765625,-37.248138427734375,0,0,2,0,22.008593,37.672157,50.687565,56.55693,0.82583606,94,b'4750_4.50_0.00',b'4750_4.50_0.00',238.47127,True,-54.760468,0.23070125,,,-53.058975,2.4508886,-7.6100850105285645,4866.1694,69.29601,4.5750494,0.116043314,-0.010662451,0.06732437,0,1.0137454,0.28531092,1.3046951,1.7193564,-0.025670948,0.104495846,0,0.0259999,0.09463336,32,-0.40048385,0.16762103,32,-0.2989932,0.11926032,0,-0.02552417,0.026540112,0,0.120240115,0.027068919,0,0.054643854,0.03971935,0,0.04531597,0.030740906,0,-0.0072295815,0.028507372,0,0.14198485,0.02711455,0,0.03737304,0.032883525,0,0.11945103,0.024890674,0,0.32916,0.024193289,0,0.025662439,0.024353253,0,0.120649286,0.026718635,0,0.17723623,0.041627854,0,0.024084467,0.013577362,0,0.14273572,0.048063587,0,-0.10090616,0.08426028,0,0.3018867,0.18807024,0,-0.012647687,0.2869728,1,-0.29072434,0.080382824,1,0.08406944,0.22821921,1,,,2,-0.016668698,0.35389033,1,-0.2919121,0.052624594,0,0.46842715,0.2654497,0,0.18511991,0.37659922,0,-0.58702165,0.2035973,1,0.017625066,0.24664287,1,-0.012469588,0.16747013,1,0.76817036,4.735174,2.0017262,0.027539663,0.2830427,288.24594,286.38776,290.09656,,,,0.0012464257,0.22242063,0.6935042,0.9847434,,,,0.020945268,0.12378254,-43.831154,0.014352,0.11432721,-77.86757,,,,0.0908,13.587078,1.225008,12.082,0.024,11.584,0.023,11.445,0.023,11.474,0.021,1.0118897,3.4661720997555414,0.018807841,-1.0367926,2.6475656,3.0538003,,0.25606257,,,,1
140112002301128,b'07352046-5627528',5486422220692713088,b'other',-1,b'allstar',56669.668,113.83527374267578,-56.46467208862305,0,0,2,1,12.418041,23.285372,32.721073,34.9913,0.84351,93,b'4500_2.00_-0.25',b'4500_2.00_-0.25',126.466484,True,104.88791,0.24456994,,,102.540344,2.6323378,4.666468620300293,4415.594,76.17233,1.9974731,0.13606885,-0.24538848,0.072436295,1,1.2542752,0.28438836,9.261266,1.4302748,-0.21267487,0.14026573,0,0.07118084,0.11818987,1,-0.15526603,0.41928503,1,0.15703432,0.1335193,0,0.07585758,0.082628354,0,0.14938417,0.053139042,0,0.09579274,0.08654446,0,0.14408621,0.05237676,1,0.16905342,0.10537919,0,0.09170031,0.07886843,0,-0.03289279,0.05383515,0,0.06237335,0.032628696,0,0.20906523,0.04774057,0,-0.05797887,0.0366085,0,-0.049296696,0.084656015,1,0.1776292,0.05424196,0,0.085816264,0.03282405,0,-0.10416722,0.0913558,0,0.34199888,0.24871305,1,0.023239046,0.25829995,0,0.2306396,0.4021553,1,-0.066315934,0.12031079,1,0.09136614,0.27329797,1,-0.028989928,0.4419808,1,5.765225e-05,0.513306,1,0.21565783,0.12778363,0,0.5010579,0.31468683,0,0.6064445,0.29639423,1,-0.24231797,0.19383253,1,0.13689211,0.23581302,1,0.24325041,0.22499865,1,1.1016823,7.4525266,2.2895923,0.05966993,104.048195,6450.623,5828.17,7060.161,,,,0.29561558,0.6868026,0.86503184,1.2043576,0.013940363,0.1108793,117.98977,0.047456603,0.28684968,84.39051,,,,0.05599223,0.704364,52.952938,0.1699,14.289557,1.4875078,12.361,0.023,11.705,0.023,11.525,0.023,11.56,0.021,1.0357157,0.14714748456726578,0.014171927,-8.88209,7.184245,5.963051,,0.13631588,,,,1
200531002701059,b'14073101-5813412',5868128265118376320,b'galah_phase2',7584,b'allstar',59000.484,211.87908935546875,-58.22819519042969,0,0,2,0,10.29167,21.882051,32.027065,32.12153,0.7452785,94,b'6000_4.50_-0.25',b'6000_4.50_-0.25',146.1248,True,16.257673,0.25701177,,,18.898886,4.4687266,-6.255276203155518,6014.739,91.366714,4.2851753,0.10156795,-0.14752719,0.07569962,1,0.9941552,0.3353274,5.902907,1.5750877,0.26805937,0.58626443,1,-0.18950541,0.44697446,33,1.320155,0.49186096,33,0.3507081,0.12255235,0,-0.023028597,0.08129153,0,0.10830546,0.057835184,0,0.19087496,0.107320175,0,0.14946263,0.043422367,0,0.3093414,0.1023263,0,0.061622404,0.07653508,0,0.07758257,0.0943749,0,0.11403032,0.08075208,1,-0.1030319,0.23185812,1,0.023255639,0.08203318,1,-0.14816235,0.115182675,1,-0.19925731,0.2161322,1,-0.05529062,0.04289213,0,-0.1785478,0.1453111,1,0.16569538,0.28252903,1,,,2,,,2,0.2933897,0.17690973,0,,,2,,,2,,,2,0.252217,0.1370066,0,,,2,,,2,0.1328106,1.0010295,1,,,2,,,2,0.9780538,7.444423,1.342844,0.095472105,1.6396428,583.2423,575.7988,589.89685,,,,0.025318868,0.14353326,0.9025172,1.2795995,0.06563076,0.13344559,-16.485796,0.0800981,0.6704422,-13.608805,0.039123632,0.1858272,-8.34137,,,,1.7704,14.294015,1.5175848,12.351,0.029,11.88,0.034,11.795,0.037,11.696,0.026,0.96773547,1.7162062944923624,0.020522138,-3.1629782,4.3188486,5.0780354,,1.6183794,,,,1
140610005001303,b'17493335-6225333',5911265988889708672,b'galah_main',2310,b'allstar',56818.656,267.3889465332031,-62.4259147644043,0,0,2,0,24.506132,41.56666,64.24139,61.984955,0.9056893,94,b'4750_2.50_0.00',b'4750_2.50_0.00',114.38955,True,-29.23299,0.22394677,,,-31.464342,0.99815017,3.6422057151794434,4684.703,71.22751,2.678073,0.101489685,-0.0013034716,0.0613922,0,1.5862337,0.28146753,7.080015,1.4195133,-0.071013354,0.074568994,0,0.15903613,0.07448982,0,0.24834622,0.13071041,0,0.08220881,0.09723223,0,0.15553644,0.04367785,0,0.11864608,0.027753802,0,0.14163285,0.043051295,0,0.024671111,0.030635325,0,0.057966776,0.059547573,0,0.12398368,0.038205568,0,0.124729656,0.028543321,0,0.068441436,0.021082962,0,0.2817205,0.025309028,0,-0.0029949765,0.016788384,0,-0.0631738,0.043709803,0,0.17251574,0.03157146,0,0.027471665,0.013405571,0,0.19390224,0.051085643,0,0.06411014,0.12387824,0,0.20426063,0.2010673,0,0.14221856,0.24211065,0,-0.00867524,0.067205235,0,0.105057806,0.12883684,0,-0.020970892,0.33045545,1,0.030425206,0.39058253,1,-0.0028372705,0.07049504,0,0.1288009,0.13724668,0,0.08002486,0.1797351,1,-0.066202,0.08959962,0,0.16488145,0.13347541,0,-0.019490099,0.14676832,0,1.2217041,6.064883,2.114432,0.09455422,30.501133,2249.746,2186.9949,2314.2332,,-219.23299,,0.2965341,0.4270299,0.90084594,1.0323622,,,,0.075582676,1.1139882,-24.620968,,,,,,,0.1356,13.283205,1.3981581,11.535,0.021,10.944,0.024,10.78,0.026,10.761,0.021,1.0447514,0.44887891302975025,0.013224519,7.418791,2.633008,2.57628,0.21713544,,0.1943178,0.13314313,0.10057374,0
210113001601257,b'05141784-4134577',4818869300849038208,b'galah_main',558,b'allstar',59227.49,78.57453918457031,-41.58247375488281,0,0,2,1048576,62.24874,93.087265,140.31204,110.78466,0.93337756,94,b'5000_4.50_-0.25',b'5000_4.50_-0.25',181.07977,True,35.65231,0.20095085,,,35.41964,0.88141876,-8.979531288146973,5093.0156,67.76306,4.590888,,-0.093537845,0.060265258,0,1.0035334,0.28305864,3.0952713,1.6267693,-0.06500334,0.049036443,0,-0.24987431,0.028509194,32,-0.08706736,0.039308157,32,-0.82223207,0.063536726,0,-0.13874823,0.017100004,0,0.12740311,0.014831207,0,0.087895095,0.03166934,0,0.10697992,0.012438563,0,-0.00045829266,0.026237603,0,0.008025827,0.020880977,0,-0.09993282,0.018547136,0,0.05387385,0.013444212,0,0.1584537,0.02231709,0,-0.018400878,0.01081488,0,0.027881332,0.015080184,0,0.10263552,0.026979055,0,-0.023466153,0.009753142,0,-0.026497453,0.024591668,0,-0.04159441,0.03509542,0,0.1831142,0.19858904,0,,,2,0.12760422,0.036948275,0,0.2143024,0.11823134,0,,,2,,,2,-0.02211975,0.0363992,0,-0.4106366,0.13671303,1,-0.00087462366,0.19482765,1,0.34884214,0.10403683,0,-0.6759412,0.17438012,1,,,2,0.79504937,4.4400992,1.8609945,0.013572,0.33892286,184.47386,184.06093,184.76453,,,,0.10783682,0.24191004,0.8121069,1.0630821,,,,,,,,,,0.013496614,0.12810104,23.39273,0.0377,12.211124,1.0316048,10.917,0.024,10.52,0.022,10.407,0.023,,,0.93223566,5.418947431958341,0.009529773,-1.5727638,1.1031429,1.1996636,,0.12717278,,,,1
150401003601278,b'08282772-1329595',5723677725951242368,b'galah_main',4930,b'allstar',57113.395,127.1155014038086,-13.49988842010498,0,0,2,0,27.241959,39.63322,56.20753,51.686317,0.6789025,94,b'5250_4.50_-0.25',b'5250_4.50_-0.25',114.45101,True,11.69615,0.24423632,,,13.42522,3.0236285,-21.185321807861328,5333.563,75.84812,4.553615,0.09882387,-0.2401619,0.06335971,0,0.7402267,0.29040316,2.7968333,1.6034074,0.24667045,0.085444786,1,-0.033545025,0.06579101,33,-0.31619918,0.21011563,33,0.006989018,0.10374724,0,-0.044106036,0.03824396,0,0.18636453,0.030145856,0,0.08622646,0.066460975,0,0.0811034,0.028624699,0,-0.17732102,0.051719867,0,-0.0044084825,0.032377917,0,-0.09907627,0.04182198,0,0.051314812,0.03404998,0,0.11876191,0.041142583,0,0.0019864426,0.02374037,0,0.043027483,0.039065745,0,0.013946548,0.0528864,0,0.005807424,0.016768191,0,-0.016038448,0.049062468,0,-0.085127205,0.083888166,0,,,2,,,2,0.034042828,0.0774833,0,0.24814938,0.44958764,1,,,2,,,2,0.10993687,0.06868112,0,-0.3512906,0.380516,1,0.386011,0.6556965,1,0.12790567,0.2813976,1,,,2,,,2,0.81905806,5.108244,1.7153922,0.0,0.45757702,398.94263,397.24677,401.4222,,,,0.08575324,0.20394902,0.8392709,1.1468517,,,,0.011583494,0.13962601,17.139902,,,,0.014645969,0.15634915,0.73914623,0.0579,13.540556,0.9420872,12.318,0.023,11.945,0.027,11.888,0.025,11.894,0.022,1.026845,2.507301870887628,0.014646422,-2.1833427,2.6439183,2.7919557,,0.77024263,,,,1
